{
  "Resume": {
    "@xml:lang": "en",
    "@xmlns": "http://ns.hr-xml.org/2006-02-28",
    "@xmlns:sov": "http://sovren.com/hr-xml/2006-02-28",
    "ResumeId": {
      "IdValue": null
    },
    "StructuredXMLResume": {
      "EmploymentHistory": {
        "EmployerOrg": [
          {
            "EmployerOrgName": "Al-Hijra College, Lagos-Ibadan Expressway, Ogun State",
            "PositionHistory": [
              {
                "@positionType": "internship",
                "@currentEmployer": "true",
                "Title": "ICT Support Intern",
                "OrgName": {
                  "OrganizationName": "Al-Hijra College, Lagos-Ibadan Expressway, Ogun State"
                },
                "OrgInfo": [
                  {
                    "PositionLocation": {
                      "CountryCode": "NG",
                      "Municipality": "Lagos"
                    }
                  }
                ],
                "Description": "(TILL JUNE 30, 2020)\r\nWorking closely with my director in providing needs of students with skills in modern ICT, management of school portal, scouting and integrating latest digital trends in the education sector with coordination of online learning.",
                "StartDate": {
                  "YearMonth": "2020-02"
                },
                "EndDate": {
                  "StringDate": "current"
                },
                "JobCategory": [
                  {
                    "TaxonomyName": "Skills taxonomy",
                    "CategoryCode": "Human Resources → Learning & Development",
                    "Comments": "Human Resources describes 50% of this job"
                  },
                  {
                    "TaxonomyName": "Job Level",
                    "CategoryCode": "Entry Level"
                  }
                ],
                "UserArea": {
                  "sov:PositionHistoryUserArea": {
                    "sov:Id": "POS-1",
                    "sov:CompanyNameProbabilityInterpretation": {
                      "@internalUseOnly": "BX",
                      "#text": "Confident"
                    },
                    "sov:PositionTitleProbabilityInterpretation": {
                      "@internalUseOnly": "ST",
                      "#text": "Confident"
                    },
                    "sov:NormalizedOrganizationName": "Al Hijra College Lagos Ibadan Expressway Ogun State",
                    "sov:NormalizedTitle": "ICT Support Intern"
                  }
                }
              }
            ],
            "UserArea": {
              "sov:EmployerOrgUserArea": {
                "sov:NormalizedEmployerOrgName": "Al Hijra College Lagos Ibadan Expressway Ogun State"
              }
            }
          },
          {
            "EmployerOrgName": "Laplace Data",
            "PositionHistory": [
              {
                "@positionType": "directHire",
                "@currentEmployer": "true",
                "Title": "Developer/Creator",
                "OrgName": {
                  "OrganizationName": "Laplace Data"
                },
                "OrgInfo": [
                  {
                    "PositionLocation": {
                      "CountryCode": "NG"
                    }
                  }
                ],
                "Description": "Developed my automated data dispensing  web app, continuous integration of new and latest features for better user experience and creating similar websites for my clients.",
                "StartDate": {
                  "YearMonth": "2020-02"
                },
                "EndDate": {
                  "StringDate": "current"
                },
                "JobCategory": [
                  {
                    "TaxonomyName": "Skills taxonomy",
                    "CategoryCode": "User Experience → Web Design",
                    "Comments": "User Experience describes 54% of this job"
                  },
                  {
                    "TaxonomyName": "Job Level",
                    "CategoryCode": "Entry Level"
                  }
                ],
                "UserArea": {
                  "sov:PositionHistoryUserArea": {
                    "sov:Id": "POS-2",
                    "sov:CompanyNameProbabilityInterpretation": {
                      "@internalUseOnly": "Q",
                      "#text": "Probable"
                    },
                    "sov:PositionTitleProbabilityInterpretation": {
                      "@internalUseOnly": "SF",
                      "#text": "Confident"
                    },
                    "sov:NormalizedOrganizationName": "Laplace Data",
                    "sov:NormalizedTitle": "Developer/Creator",
                    "sov:Subtitles": {
                      "sov:Subtitle": [
                        "Developer"
                      ]
                    }
                  }
                }
              }
            ],
            "UserArea": {
              "sov:EmployerOrgUserArea": {
                "sov:NormalizedEmployerOrgName": "Laplace Data"
              }
            }
          }
        ]
      },
      "EducationHistory": {
        "SchoolOrInstitution": [
          {
            "@schoolType": "UNSPECIFIED",
            "Degree": [
              {
                "@degreeType": "bachelors",
                "DegreeName": "B. Sc.",
                "DegreeDate": {
                  "YearMonth": "2020-02"
                },
                "DegreeMajor": [
                  {
                    "Name": [
                      "Electronic and Electrical Engineering"
                    ]
                  }
                ],
                "DatesOfAttendance": [
                  {
                    "StartDate": {
                      "AnyDate": "notKnown"
                    },
                    "EndDate": {
                      "YearMonth": "2020-02"
                    }
                  }
                ],
                "Comments": "OAU, Nigeria -- B. Sc.\r\nFirst class Fresh Graduate, Electronic and Electrical Engineering. FEB, 2020.",
                "UserArea": {
                  "sov:DegreeUserArea": {
                    "sov:Id": "DEG-1",
                    "sov:NormalizedDegreeName": "BSc",
                    "sov:NormalizedDegreeType": "BSc"
                  }
                }
              }
            ]
          }
        ]
      },
      "Qualifications": {
        "QualificationSummary": "SKILLS\r\nTools: Git, Github, IBM Watson Assistants (Chatbots).\r\nProgramming Languages: Javascript, PHP, Python\r\nWeb Frameworks: Bootstrap, React, Vue\r\nDatabase: MySQL"
      },
      "Languages": {
        "Language": [
          {
            "LanguageCode": "en",
            "Read": "true",
            "Write": "true",
            "Speak": "true",
            "Comments": "[RESUME_LANGUAGE]"
          }
        ]
      },
      "Achievements": {
        "Achievement": [
          {
            "Description": "Others Awards"
          },
          {
            "Description": "Mastering React from Mosh"
          },
          {
            "Description": "How to build Chatbots from IBM"
          },
          {
            "Description": "Cisco ITEssentials from Cisco"
          },
          {
            "Description": "HSE 1,2 & 3 from NISCN"
          },
          {
            "Description": "Won second place out of 12 teams in  VGG Hackathon, OAU as a member of Team Skrypt, participated as an Orator and Web developer (Javascript) for A Fingerprint Attendance System"
          }
        ]
      },
      "RevisionDate": "2020-06-22"
    },
    "NonXMLResume": {
      "TextResume": "   ~~~~~~~~~~~~~~~~~~~~  \r\nSoftware Developer/Electronic and Electrical Engineering Graduate\r\n\r\nabdulloooh (github)\r\n   ~~~~~~~~~  \r\n   ~~~~~~~~~~~~~~~~~~~~~  \r\n\r\nEDUCATION\r\nOAU, Nigeria -- B. Sc.\r\nFirst class Fresh Graduate, Electronic and Electrical Engineering. FEB, 2020.\r\n\r\nWORK EXPERIENCE\r\nAl-Hijra College, Lagos-Ibadan Expressway, Ogun State -- ICT Support Intern\r\nFEB 2020 - PRESENT (TILL JUNE 30, 2020)\r\nWorking closely with my director in providing needs of students with skills in modern ICT, management of school portal, scouting and integrating latest digital trends in the education sector with coordination of online learning.\r\nLaplace Data, Nigeria -- Developer/Creator\r\nFEB 2020 - PRESENT\r\nDeveloped my automated data dispensing  web app, continuous integration of new and latest features for better user experience and creating similar websites for my clients.\r\n\r\nPROJECTS\r\nLaplace Data -- Data Dispensing App\r\nWeb App (PWA) built for selling and management of network data. Technologies: Javascript, PHP, MySQL, OneSignal.\r\nSmart Home System -- Final Year Project\r\nDesigned and developed an ESP32 based IoT smart meter that can be remotely controlled to switch loads at home and monitor power consumption from a web dashboard built on Ubidots. Technologies: ESP32 hardware, Current sensor, Relays, C++, Ubidots Platform.\r\nProject Management App -- To-do Provisional App\r\nBuilt a Website to manage personal projects based on project names and corresponding actions, built in a coding challenge with VGG, Nigeria. Technologies: Javascript, HTML5, CSS3.\r\n\r\nOPEN SOURCE CONTRIBUTIONS\r\nA Quran/Hadith Webapp -- Daily Islamic Reminder\r\nCo-creator to a Qur'an revising and hadith App with daily push reminder and audio recitation with different Islamic reciters. All rights go to Teezan, the original creator of the project. Technologies: Vue, OneSignal, Zapier\r\nAMWTQ -- Ramadan Provisional App\r\nBuilt to track Quran recitation & challenge completion of AMWTQ members during Ramadan. Technologies: Javascript, PHP, bootstrap.\r\n\r\nSKILLS\r\nTools: Git, Github, IBM Watson Assistants (Chatbots).\r\nProgramming Languages: Javascript, PHP, Python\r\nWeb Frameworks: Bootstrap, React, Vue\r\nDatabase: MySQL\r\nInterests: Public Speaking, Software Development, Cybersecurity, Automation, and Tutoring.\r\nExtracurriculars: Football, Table-tennis, tutoring, charity volunteering, debating.\r\n\r\nLEADERSHIP/INVOLVEMENTS\r\nOAU, Nigeria --2019\r\nChairman and Coding Instructor of more than 50 members of Software Club, Electronic and Electrical Engineering Department\r\nOAU, Nigeria --2019\r\nAcademic Chairman and Tutor, Faculty of Technology Muslim Students' Association.\r\n\r\nAWARDS/CERTIFICATIONS\r\n2020\r\nMastering React from Mosh\r\nHow to build Chatbots from IBM\r\n2019\r\nCisco ITEssentials from Cisco\r\nHSE 1,2 & 3 from NISCN\r\n2019\r\nWon second place out of 12 teams in  VGG Hackathon, OAU as a member of Team Skrypt, participated as an Orator and Web developer (Javascript) for A Fingerprint Attendance System\r\nOthers Awards"
    },
    "UserArea": {
      "sov:ResumeUserArea": {
        "sov:Culture": {
          "sov:Language": "en",
          "sov:Country": "US",
          "sov:CultureInfo": "en-US"
        },
        "sov:ExperienceSummary": {
          "sov:Description": "   ~~~~~~~~~~~~~~~~~~~~  's experience appears to be mostly concentrated in Information Technology (mostly Programming) and slightly concentrated in User Experience (mostly Web Design).    ~~~~~~~~~~~~~~~~~~~~  's experience appears to be entry level, with 6 months of experience.",
          "sov:MonthsOfWorkExperience": "6",
          "sov:AverageMonthsPerEmployer": "3",
          "sov:FulltimeDirectHirePredictiveIndex": "25",
          "sov:MonthsOfManagementExperience": "0",
          "sov:HighestManagementScore": "0",
          "sov:ExecutiveType": "none",
          "sov:ManagementStory": null,
          "sov:SkillsTaxonomyOutput": {
            "sov:TaxonomyRoot": [
              {
                "@name": "Sovren",
                "sov:Taxonomy": [
                  {
                    "@name": "Information Technology",
                    "@id": "10",
                    "@percentOfOverall": "60",
                    "sov:Subtaxonomy": [
                      {
                        "@name": "Programming",
                        "@id": "204",
                        "@percentOfOverall": "27",
                        "@percentOfParentTaxonomy": "45",
                        "sov:Skill": [
                          {
                            "@name": "C++",
                            "@id": "012287",
                            "@existsInText": "true",
                            "@whereFound": "Found in PROJECT_HEADERS; WORK HISTORY"
                          },
                          {
                            "@name": "CODING",
                            "@id": "013739",
                            "@existsInText": "true",
                            "@whereFound": "Found in HOBBIES; PROJECT_HEADERS; WORK HISTORY"
                          },
                          {
                            "@name": "Git",
                            "@id": "1004755",
                            "@existsInText": "true",
                            "@whereFound": "Found in SKILLS"
                          },
                          {
                            "@name": "JAVASCRIPT",
                            "@id": "025394",
                            "@existsInText": "true",
                            "@whereFound": "Found in PERSONAL INTERESTS AND ACCOMPLISHMENTS; PROJECT_HEADERS; SKILLS; WORK HISTORY",
                            "sov:ChildSkill": [
                              {
                                "@name": "BOOTSTRAP",
                                "@id": "3391101",
                                "@existsInText": "true",
                                "@whereFound": "Found in PROJECT_HEADERS; SKILLS; WORK HISTORY"
                              }
                            ]
                          },
                          {
                            "@name": "PHP",
                            "@id": "004736",
                            "@existsInText": "true",
                            "@whereFound": "Found in PROJECT_HEADERS; SKILLS; WORK HISTORY"
                          },
                          {
                            "@name": "PYTHON",
                            "@id": "006120",
                            "@existsInText": "true",
                            "@whereFound": "Found in SKILLS"
                          },
                          {
                            "@name": "STRUCTURED SOFTWARE",
                            "@id": "022594",
                            "@existsInText": "false",
                            "sov:ChildSkill": [
                              {
                                "@name": "SOFTWARE DEVELOPMENT",
                                "@id": "008213",
                                "@existsInText": "true",
                                "@whereFound": "Found in HOBBIES"
                              }
                            ]
                          }
                        ]
                      },
                      {
                        "@name": "Machine Learning",
                        "@id": "720",
                        "@percentOfOverall": "14",
                        "@percentOfParentTaxonomy": "23",
                        "sov:Skill": [
                          {
                            "@name": "ONLINE LEARNING",
                            "@id": "7200045",
                            "@existsInText": "true",
                            "@totalMonths": "5",
                            "@lastUsed": "2020-06-22",
                            "@whereFound": "Found in WORK HISTORY; POS-1"
                          }
                        ]
                      },
                      {
                        "@name": "Database",
                        "@id": "193",
                        "@percentOfOverall": "7",
                        "@percentOfParentTaxonomy": "11",
                        "sov:Skill": [
                          {
                            "@name": "DATABASE MODELING",
                            "@id": "026777",
                            "@existsInText": "false",
                            "sov:ChildSkill": [
                              {
                                "@name": "DATABASE",
                                "@id": "022486",
                                "@existsInText": "true",
                                "@whereFound": "Found in SKILLS"
                              }
                            ]
                          },
                          {
                            "@name": "MYSQL",
                            "@id": "003243",
                            "@existsInText": "true",
                            "@whereFound": "Found in PROJECT_HEADERS; SKILLS; WORK HISTORY"
                          }
                        ]
                      },
                      {
                        "@name": "Mobile Applications",
                        "@id": "552",
                        "@percentOfOverall": "6",
                        "@percentOfParentTaxonomy": "11",
                        "sov:Skill": [
                          {
                            "@name": "BOOTSTRAP",
                            "@id": "5520522",
                            "@existsInText": "true",
                            "@whereFound": "Found in PROJECT_HEADERS; SKILLS; WORK HISTORY"
                          },
                          {
                            "@name": "HTML5",
                            "@id": "5520541",
                            "@existsInText": "true",
                            "@whereFound": "Found in PROJECT_HEADERS; WORK HISTORY"
                          }
                        ]
                      },
                      {
                        "@name": "Protocols and Standards",
                        "@id": "253",
                        "@percentOfOverall": "2",
                        "@percentOfParentTaxonomy": "4",
                        "sov:Skill": [
                          {
                            "@name": "OPEN SOURCE",
                            "@id": "003842",
                            "@existsInText": "true",
                            "@whereFound": "Found in PROJECT_HEADERS; WORK HISTORY"
                          }
                        ]
                      },
                      {
                        "@name": "Operations, Monitoring and Software Management",
                        "@id": "349",
                        "@percentOfOverall": "1",
                        "@percentOfParentTaxonomy": "2",
                        "sov:Skill": [
                          {
                            "@name": "CISCO",
                            "@id": "3490003",
                            "@existsInText": "true",
                            "@whereFound": "Found in PERSONAL INTERESTS AND ACCOMPLISHMENTS"
                          }
                        ]
                      },
                      {
                        "@name": "Network",
                        "@id": "198",
                        "@percentOfOverall": "1",
                        "@percentOfParentTaxonomy": "2",
                        "sov:Skill": [
                          {
                            "@name": "CISCO",
                            "@id": "1980018",
                            "@existsInText": "true",
                            "@whereFound": "Found in PERSONAL INTERESTS AND ACCOMPLISHMENTS"
                          }
                        ]
                      },
                      {
                        "@name": "Prebuilt Software",
                        "@id": "252",
                        "@percentOfOverall": "1",
                        "@percentOfParentTaxonomy": "2",
                        "sov:Skill": [
                          {
                            "@name": "FRAMEWORKS",
                            "@id": "017954",
                            "@existsInText": "true",
                            "@whereFound": "Found in SKILLS"
                          }
                        ]
                      }
                    ]
                  },
                  {
                    "@name": "User Experience",
                    "@id": "93",
                    "@percentOfOverall": "15",
                    "sov:Subtaxonomy": [
                      {
                        "@name": "Web Design",
                        "@id": "571",
                        "@percentOfOverall": "15",
                        "@percentOfParentTaxonomy": "100",
                        "sov:Skill": [
                          {
                            "@name": "INTEGRATOR",
                            "@id": "5570146",
                            "@existsInText": "false",
                            "@childrenTotalMonths": "5",
                            "@childrenLastUsed": "2020-06-22",
                            "sov:ChildSkill": [
                              {
                                "@name": "INTEGRATION",
                                "@id": "5570147",
                                "@existsInText": "true",
                                "@totalMonths": "5",
                                "@lastUsed": "2020-06-22",
                                "@whereFound": "Found in WORK HISTORY; POS-2"
                              }
                            ]
                          }
                        ]
                      }
                    ]
                  },
                  {
                    "@name": "Marketing",
                    "@id": "14",
                    "@percentOfOverall": "14",
                    "sov:Subtaxonomy": [
                      {
                        "@name": "Digital",
                        "@id": "599",
                        "@percentOfOverall": "14",
                        "@percentOfParentTaxonomy": "100",
                        "sov:Skill": [
                          {
                            "@name": "USER EXPERIENCE",
                            "@id": "1400241",
                            "@existsInText": "true",
                            "@totalMonths": "5",
                            "@lastUsed": "2020-06-22",
                            "@whereFound": "Found in WORK HISTORY; POS-2"
                          }
                        ]
                      }
                    ]
                  },
                  {
                    "@name": "Engineering",
                    "@id": "5",
                    "@percentOfOverall": "6",
                    "sov:Subtaxonomy": [
                      {
                        "@name": "Optical",
                        "@id": "141",
                        "@percentOfOverall": "2",
                        "@percentOfParentTaxonomy": "39",
                        "sov:Skill": [
                          {
                            "@name": "SENSOR",
                            "@id": "022936",
                            "@existsInText": "true",
                            "@whereFound": "Found in PROJECT_HEADERS; WORK HISTORY"
                          }
                        ]
                      },
                      {
                        "@name": "Electrical",
                        "@id": "135",
                        "@percentOfOverall": "2",
                        "@percentOfParentTaxonomy": "39",
                        "sov:Skill": [
                          {
                            "@name": "ELECTRICAL ENGINEERING",
                            "@id": "015991",
                            "@existsInText": "true",
                            "@whereFound": "Found in EDUCATION; HOBBIES"
                          }
                        ]
                      },
                      {
                        "@name": "Other",
                        "@id": "263",
                        "@percentOfOverall": "1",
                        "@percentOfParentTaxonomy": "22",
                        "sov:Skill": [
                          {
                            "@name": "ENGINEERING DEPARTMENT",
                            "@id": "016626",
                            "@existsInText": "true",
                            "@whereFound": "Found in HOBBIES"
                          }
                        ]
                      }
                    ]
                  },
                  {
                    "@name": "Sales",
                    "@id": "20",
                    "@percentOfOverall": "5",
                    "sov:Subtaxonomy": [
                      {
                        "@name": "General",
                        "@id": "105",
                        "@percentOfOverall": "5",
                        "@percentOfParentTaxonomy": "100"
                      }
                    ]
                  },
                  {
                    "@name": "Training",
                    "@id": "64",
                    "@percentOfOverall": "1",
                    "sov:Subtaxonomy": [
                      {
                        "@name": "Other",
                        "@id": "361",
                        "@percentOfOverall": "1",
                        "@percentOfParentTaxonomy": "100",
                        "sov:Skill": [
                          {
                            "@name": "INSTRUCTOR",
                            "@id": "019876",
                            "@existsInText": "true",
                            "@whereFound": "Found in HOBBIES"
                          }
                        ]
                      }
                    ]
                  }
                ]
              }
            ]
          }
        },
        "sov:Hobbies": {
          "sov:Text": "Public Speaking, Software Development, Cybersecurity, Automation, and Tutoring.\r\nExtracurriculars: Football, Table-tennis, tutoring, charity volunteering, debating.\r\n\r\nLEADERSHIP/INVOLVEMENTS\r\nOAU, Nigeria --2019\r\nChairman and Coding Instructor of more than 50 members of Software Club, Electronic and Electrical Engineering Department\r\nOAU, Nigeria --2019\r\nAcademic Chairman and Tutor, Faculty of Technology Muslim Students' Association."
        },
        "sov:Sections": {
          "sov:Section": [
            {
              "@starts": "7",
              "@ends": "10",
              "@sectionType": "EDUCATION",
              "#text": "EDUCATION"
            },
            {
              "@starts": "11",
              "@ends": "18",
              "@sectionType": "WORK HISTORY",
              "#text": "WORK EXPERIENCE"
            },
            {
              "@starts": "19",
              "@ends": "32",
              "@sectionType": "PROJECT_HEADERS",
              "#text": "PROJECTS"
            },
            {
              "@starts": "33",
              "@ends": "37",
              "@sectionType": "SKILLS",
              "#text": "SKILLS"
            },
            {
              "@starts": "38",
              "@ends": "46",
              "@sectionType": "HOBBIES",
              "#text": "Interests"
            },
            {
              "@starts": "47",
              "@ends": "56",
              "@sectionType": "PERSONAL INTERESTS AND ACCOMPLISHMENTS",
              "#text": "AWARDS/CERTIFICATIONS"
            }
          ]
        },
        "sov:ParsedTextLength": "2953",
        "sov:ParseTime": "249",
        "sov:ResumeQuality": {
          "sov:Assessments": {
            "sov:Assessment": [
              {
                "sov:Level": "Major Issues Found",
                "sov:Findings": {
                  "sov:Information": [
                    "[Sovren:303;2] The following section in the resume contains more content than the work history and education sections combined: 'PROJECTS'. This may indicate a problem with section headers, formatting, or content."
                  ]
                }
              },
              {
                "sov:Level": "Data Missing",
                "sov:Findings": {
                  "sov:Information": [
                    "[Sovren:213;] A street level address was not found in the contact information. A full contact address should always be included in a resume as it allows for location based searches.",
                    "[Sovren:232;DEG-1] The following educational degree is not associated with a school: DEG-1. Every degree in a resume should be associated with a school."
                  ]
                }
              },
              {
                "sov:Level": "Suggested Improvements",
                "sov:Findings": {
                  "sov:Information": [
                    "[Sovren:112;] The following section was identified as a skills section type: 'SKILLS'. Skills should not be in a separate section, but instead, each skill should be included in the descriptions of work history or education.",
                    "[Sovren:151;4] The following section does not have the header on a separate line: 'Interests'. Every section should have a clear, unambiguous, commonly-used header on a separate line directly above the content associated with it."
                  ]
                }
              }
            ]
          }
        },
        "sov:LicenseSerialNumber": "13430659:57245810-103c-4f65-a693-af8c67662b8a",
        "sov:ParserConfigurationString": "Coverage.MilitaryHistoryAndSecurityCredentials = True; Coverage.PatentsPublicationsAndSpeakingEvents = True; Coverage.PersonalAttributes = True; Coverage.Training = True; Culture.CountryCodeForUnitedKingdomIsUK = True; Culture.DefaultCountryCode = US; Culture.Language = English; Culture.PreferEnglishVersionIfTwoLanguagesInDocument = False; Data.UserDefinedParsing = False; OutputFormat.AssumeCompanyNameFromPrecedingJob = False; OutputFormat.ContactMethod.PackStyle = Split; OutputFormat.DateOutputStyle = ExplicitlyKnownDateInfoOnly; OutputFormat.NestJobsBasedOnDateRanges = True; OutputFormat.NormalizeRegions = False; OutputFormat.SkillsStyle = Default; OutputFormat.StripParsedDataFromPositionHistoryDescription = True; OutputFormat.TelcomNumber.Style = Raw; OutputFormat.XmlFormat = HrXmlResume25",
        "sov:ParserVersion": "9.4.7.0",
        "sov:DigitalSignature": "Pwn///////8="
      }
    }
  }
}