<?xml version="1.0" encoding="UTF-8"?>
<Resume xml:lang="en" xmlns="http://ns.hr-xml.org/2006-02-28" xmlns:sov="http://sovren.com/hr-xml/2006-02-28">
	<ResumeId>
		<IdValue />
	</ResumeId>
	<StructuredXMLResume>
		<EmploymentHistory>
			<EmployerOrg>
				<EmployerOrgName>Al-Hijra College, Lagos-Ibadan Expressway, Ogun State</EmployerOrgName>
				<PositionHistory positionType="internship" currentEmployer="true">
					<Title>Support Intern</Title>
					<OrgName>
						<OrganizationName>Al-Hijra College, Lagos-Ibadan Expressway, Ogun State</OrganizationName>
					</OrgName>
					<OrgInfo>
						<PositionLocation>
							<CountryCode>NG</CountryCode>
							<Municipality>Lagos</Municipality>
						</PositionLocation>
					</OrgInfo>
					<Description>(TILL JUNE 30, 2020)
Working closely with my director in providing needs of students with skills in modern ICT, management of school portal, scouting and integrating latest
digital trends in the education sector with coordination of online learning.</Description>
					<StartDate>
						<YearMonth>2020-02</YearMonth>
					</StartDate>
					<EndDate>
						<StringDate>current</StringDate>
					</EndDate>
					<JobCategory>
						<TaxonomyName>Skills taxonomy</TaxonomyName>
						<CategoryCode>Human Resources → Learning &amp; Development</CategoryCode>
						<Comments>Human Resources describes 50% of this job</Comments>
					</JobCategory>
					<JobCategory>
						<TaxonomyName>Job Level</TaxonomyName>
						<CategoryCode>Entry Level</CategoryCode>
					</JobCategory>
					<UserArea>
						<sov:PositionHistoryUserArea>
							<sov:Id>POS-1</sov:Id>
							<sov:CompanyNameProbabilityInterpretation internalUseOnly="BX">Confident</sov:CompanyNameProbabilityInterpretation>
							<sov:PositionTitleProbabilityInterpretation internalUseOnly="ST">Confident</sov:PositionTitleProbabilityInterpretation>
							<sov:NormalizedOrganizationName>Al Hijra College Lagos Ibadan Expressway Ogun State</sov:NormalizedOrganizationName>
							<sov:NormalizedTitle>Support Intern</sov:NormalizedTitle>
						</sov:PositionHistoryUserArea>
					</UserArea>
				</PositionHistory>
				<UserArea>
					<sov:EmployerOrgUserArea>
						<sov:NormalizedEmployerOrgName>Al Hijra College Lagos Ibadan Expressway Ogun State</sov:NormalizedEmployerOrgName>
					</sov:EmployerOrgUserArea>
				</UserArea>
			</EmployerOrg>
			<EmployerOrg>
				<EmployerOrgName>Laplace Data</EmployerOrgName>
				<PositionHistory positionType="directHire" currentEmployer="true">
					<Title>Developer/Creator</Title>
					<OrgName>
						<OrganizationName>Laplace Data</OrganizationName>
					</OrgName>
					<OrgInfo>
						<PositionLocation>
							<CountryCode>NG</CountryCode>
						</PositionLocation>
					</OrgInfo>
					<Description>Developed my automated data dispensing web app, continuous integration of new and latest features for better user experience and creating similar
websites for my clients.</Description>
					<StartDate>
						<YearMonth>2020-02</YearMonth>
					</StartDate>
					<EndDate>
						<StringDate>current</StringDate>
					</EndDate>
					<JobCategory>
						<TaxonomyName>Skills taxonomy</TaxonomyName>
						<CategoryCode>User Experience → Web Design</CategoryCode>
						<Comments>User Experience describes 54% of this job</Comments>
					</JobCategory>
					<JobCategory>
						<TaxonomyName>Job Level</TaxonomyName>
						<CategoryCode>Entry Level</CategoryCode>
					</JobCategory>
					<UserArea>
						<sov:PositionHistoryUserArea>
							<sov:Id>POS-2</sov:Id>
							<sov:CompanyNameProbabilityInterpretation internalUseOnly="Q">Probable</sov:CompanyNameProbabilityInterpretation>
							<sov:PositionTitleProbabilityInterpretation internalUseOnly="SF">Confident</sov:PositionTitleProbabilityInterpretation>
							<sov:NormalizedOrganizationName>Laplace Data</sov:NormalizedOrganizationName>
							<sov:NormalizedTitle>Developer/Creator</sov:NormalizedTitle>
							<sov:Subtitles>
								<sov:Subtitle>Developer</sov:Subtitle>
							</sov:Subtitles>
						</sov:PositionHistoryUserArea>
					</UserArea>
				</PositionHistory>
				<UserArea>
					<sov:EmployerOrgUserArea>
						<sov:NormalizedEmployerOrgName>Laplace Data</sov:NormalizedEmployerOrgName>
					</sov:EmployerOrgUserArea>
				</UserArea>
			</EmployerOrg>
		</EmploymentHistory>
		<EducationHistory>
			<SchoolOrInstitution schoolType="UNSPECIFIED">
				<Degree degreeType="bachelors">
					<DegreeName>B. Sc.</DegreeName>
					<DegreeDate>
						<YearMonth>2020-02</YearMonth>
					</DegreeDate>
					<DegreeMajor>
						<Name>Electronic and Electrical Engineering</Name>
					</DegreeMajor>
					<DatesOfAttendance>
						<StartDate>
							<AnyDate>notKnown</AnyDate>
						</StartDate>
						<EndDate>
							<YearMonth>2020-02</YearMonth>
						</EndDate>
					</DatesOfAttendance>
					<Comments>OAU, Nigeria -- B. Sc.


First class Fresh Graduate, Electronic and Electrical Engineering. FEB, 2020.</Comments>
					<UserArea>
						<sov:DegreeUserArea>
							<sov:Id>DEG-1</sov:Id>
							<sov:NormalizedDegreeName>BSc</sov:NormalizedDegreeName>
							<sov:NormalizedDegreeType>BSc</sov:NormalizedDegreeType>
						</sov:DegreeUserArea>
					</UserArea>
				</Degree>
			</SchoolOrInstitution>
		</EducationHistory>
		<Qualifications>
			<QualificationSummary>SKILLS


Tools: Git, Github, IBM Watson Assistants

(Chatbots).

Programming Languages: Javascript,
PHP, Python


Web Frameworks: Bootstrap, React, Vue
Database: MySQL</QualificationSummary>
		</Qualifications>
		<Languages>
			<Language>
				<LanguageCode>en</LanguageCode>
				<Read>true</Read>
				<Write>true</Write>
				<Speak>true</Speak>
				<Comments>[RESUME_LANGUAGE]</Comments>
			</Language>
		</Languages>
		<Achievements>
			<Achievement>
				<Description>Others Awards</Description>
			</Achievement>
			<Achievement>
				<Description>2020


Mastering React from Mosh
How to build Chatbots from IBM


2019

Cisco ITEssentials from Cisco


HSE 1,2 &amp; 3 from NISCN

2019

Won second place out of 12 teams in

VGG Hackathon, OAU as a member of
Team Skrypt, participated as an Orator


and Web developer (Javascript) for A
Fingerprint Attendance System


Others Awards</Description>
			</Achievement>
		</Achievements>
		<RevisionDate>2020-06-22</RevisionDate>
	</StructuredXMLResume>
	<NonXMLResume>
		<TextResume>   ~~~~~~~~~~~~~~~~~~~~~~~~~~~~~~~~~~~~~~~~  
   ~~~~~~~~~  
Software Developer/Electronic and Electrical Engineering Graduate
   ~~~~~~~~~~~~~~~~~~~~~  


EDUCATION


OAU, Nigeria -- B. Sc.


First class Fresh Graduate, Electronic and Electrical Engineering. FEB, 2020.


WORK EXPERIENCE


Al-Hijra College, Lagos-Ibadan Expressway, Ogun State -- ICT
Support Intern
FEB 2020 - PRESENT (TILL JUNE 30, 2020)
Working closely with my director in providing needs of students with skills in
modern ICT, management of school portal, scouting and integrating latest
digital trends in the education sector with coordination of online learning.

Laplace Data, Nigeria -- Developer/Creator
FEB 2020 - PRESENT
Developed my automated data dispensing web app, continuous integration
of new and latest features for better user experience and creating similar
websites for my clients.


PROJECTS
Laplace Data -- Data Dispensing App


Web App (PWA) built for selling and management of network data.


Technologies: Javascript, PHP, MySQL, OneSignal.


Smart Home System -- Final Year Project

Designed and developed an ESP32 based IoT smart meter that can be

remotely controlled to switch loads at home and monitor power consumption

from a web dashboard built on Ubidots. Technologies: ESP32 hardware,

Current sensor, Relays, C++, Ubidots Platform.

Project Management App -- To-do Provisional App
Built a Website to manage personal projects based on project names and


corresponding actions, built in a coding challenge with VGG, Nigeria.

Technologies: Javascript, HTML5, CSS3.


OPEN SOURCE CONTRIBUTIONS

A Quran/Hadith Webapp -- Daily Islamic Reminder


Co-creator to a Qur'an revising and hadith App with daily push reminder and
audio recitation with different Islamic reciters. All rights go to Teezan, the

original creator of the project. Technologies: Vue, OneSignal, Zapier


AMWTQ -- Ramadan Provisional App

Built to track Quran recitation &amp; challenge completion of AMWTQ members

during Ramadan. Technologies: Javascript, PHP, bootstrap.


SKILLS


Tools: Git, Github, IBM Watson Assistants

(Chatbots).

Programming Languages: Javascript,
PHP, Python


Web Frameworks: Bootstrap, React, Vue
Database: MySQL
Interests: Public Speaking, Software
Development, Cybersecurity, Automation,
and Tutoring.

Extracurriculars: Football, Table-tennis,
tutoring, charity volunteering, debating.

LEADERSHIP/INVOLVEMENTS

OAU, Nigeria --2019

Chairman and Coding Instructor of

more than 50 members of Software
Club, Electronic and Electrical

Engineering Department


OAU, Nigeria --2019


Academic Chairman and Tutor, Faculty

of Technology Muslim Students'

Association.


AWARDS/CERTIFICATIONS

2020


Mastering React from Mosh
How to build Chatbots from IBM


2019

Cisco ITEssentials from Cisco


HSE 1,2 &amp; 3 from NISCN

2019

Won second place out of 12 teams in

VGG Hackathon, OAU as a member of
Team Skrypt, participated as an Orator


and Web developer (Javascript) for A
Fingerprint Attendance System


Others Awards</TextResume>
	</NonXMLResume>
	<UserArea>
		<sov:ResumeUserArea>
			<sov:Culture>
				<sov:Language>en</sov:Language>
				<sov:Country>US</sov:Country>
				<sov:CultureInfo>en-US</sov:CultureInfo>
			</sov:Culture>
			<sov:ExperienceSummary>
				<sov:Description>   ~~~~~~~~~~~~~~~~~~~~  's experience appears to be mostly concentrated in Information Technology (mostly Programming) and slightly concentrated in User Experience (mostly Web Design).    ~~~~~~~~~~~~~~~~~~~~  's experience appears to be entry level, with 6 months of experience.</sov:Description>
				<sov:MonthsOfWorkExperience>6</sov:MonthsOfWorkExperience>
				<sov:AverageMonthsPerEmployer>3</sov:AverageMonthsPerEmployer>
				<sov:FulltimeDirectHirePredictiveIndex>25</sov:FulltimeDirectHirePredictiveIndex>
				<sov:MonthsOfManagementExperience>0</sov:MonthsOfManagementExperience>
				<sov:HighestManagementScore>0</sov:HighestManagementScore>
				<sov:ExecutiveType>none</sov:ExecutiveType>
				<sov:ManagementStory />
				<sov:SkillsTaxonomyOutput>
					<sov:TaxonomyRoot name="Sovren">
						<sov:Taxonomy name="Information Technology" id="10" percentOfOverall="54">
							<sov:Subtaxonomy name="Programming" id="204" percentOfOverall="19" percentOfParentTaxonomy="35">
								<sov:Skill name="C++" id="012287" existsInText="true" whereFound="Found in WORK HISTORY"></sov:Skill>
								<sov:Skill name="CODING" id="013739" existsInText="true" whereFound="Found in HOBBIES; WORK HISTORY"></sov:Skill>
								<sov:Skill name="Git" id="1004755" existsInText="true" whereFound="Found in SKILLS"></sov:Skill>
								<sov:Skill name="JAVASCRIPT" id="025394" existsInText="true" whereFound="Found in PERSONAL INTERESTS AND ACCOMPLISHMENTS; SKILLS; WORK HISTORY">
									<sov:ChildSkill name="BOOTSTRAP" id="3391101" existsInText="true" whereFound="Found in SKILLS; WORK HISTORY"></sov:ChildSkill>
								</sov:Skill>
								<sov:Skill name="PHP" id="004736" existsInText="true" whereFound="Found in SKILLS; WORK HISTORY"></sov:Skill>
								<sov:Skill name="PYTHON" id="006120" existsInText="true" whereFound="Found in SKILLS"></sov:Skill>
							</sov:Subtaxonomy>
							<sov:Subtaxonomy name="Machine Learning" id="720" percentOfOverall="18" percentOfParentTaxonomy="33">
								<sov:Skill name="ONLINE LEARNING" id="7200045" existsInText="true" totalMonths="5" lastUsed="2020-06-22" whereFound="Found in WORK HISTORY; POS-1"></sov:Skill>
							</sov:Subtaxonomy>
							<sov:Subtaxonomy name="Database" id="193" percentOfOverall="6" percentOfParentTaxonomy="12">
								<sov:Skill name="DATABASE MODELING" id="026777" existsInText="false">
									<sov:ChildSkill name="DATABASE" id="022486" existsInText="true" whereFound="Found in SKILLS"></sov:ChildSkill>
								</sov:Skill>
								<sov:Skill name="MYSQL" id="003243" existsInText="true" whereFound="Found in SKILLS; WORK HISTORY"></sov:Skill>
							</sov:Subtaxonomy>
							<sov:Subtaxonomy name="Mobile Applications" id="552" percentOfOverall="5" percentOfParentTaxonomy="8">
								<sov:Skill name="BOOTSTRAP" id="5520522" existsInText="true" whereFound="Found in SKILLS; WORK HISTORY"></sov:Skill>
								<sov:Skill name="HTML5" id="5520541" existsInText="true" whereFound="Found in WORK HISTORY"></sov:Skill>
							</sov:Subtaxonomy>
							<sov:Subtaxonomy name="Operations, Monitoring and Software Management" id="349" percentOfOverall="2" percentOfParentTaxonomy="3">
								<sov:Skill name="CISCO" id="3490003" existsInText="true" whereFound="Found in PERSONAL INTERESTS AND ACCOMPLISHMENTS"></sov:Skill>
							</sov:Subtaxonomy>
							<sov:Subtaxonomy name="Network" id="198" percentOfOverall="2" percentOfParentTaxonomy="3">
								<sov:Skill name="CISCO" id="1980018" existsInText="true" whereFound="Found in PERSONAL INTERESTS AND ACCOMPLISHMENTS"></sov:Skill>
							</sov:Subtaxonomy>
							<sov:Subtaxonomy name="Prebuilt Software" id="252" percentOfOverall="2" percentOfParentTaxonomy="3">
								<sov:Skill name="FRAMEWORKS" id="017954" existsInText="true" whereFound="Found in SKILLS"></sov:Skill>
							</sov:Subtaxonomy>
							<sov:Subtaxonomy name="Protocols and Standards" id="253" percentOfOverall="2" percentOfParentTaxonomy="3">
								<sov:Skill name="OPEN SOURCE" id="003842" existsInText="true" whereFound="Found in WORK HISTORY"></sov:Skill>
							</sov:Subtaxonomy>
						</sov:Taxonomy>
						<sov:Taxonomy name="User Experience" id="93" percentOfOverall="19">
							<sov:Subtaxonomy name="Web Design" id="571" percentOfOverall="19" percentOfParentTaxonomy="100">
								<sov:Skill name="INTEGRATOR" id="5570146" existsInText="false" childrenTotalMonths="5" childrenLastUsed="2020-06-22">
									<sov:ChildSkill name="INTEGRATION" id="5570147" existsInText="true" totalMonths="5" lastUsed="2020-06-22" whereFound="Found in WORK HISTORY; POS-2"></sov:ChildSkill>
								</sov:Skill>
							</sov:Subtaxonomy>
						</sov:Taxonomy>
						<sov:Taxonomy name="Marketing" id="14" percentOfOverall="18">
							<sov:Subtaxonomy name="Digital" id="599" percentOfOverall="18" percentOfParentTaxonomy="100">
								<sov:Skill name="USER EXPERIENCE" id="1400241" existsInText="true" totalMonths="5" lastUsed="2020-06-22" whereFound="Found in WORK HISTORY; POS-2"></sov:Skill>
							</sov:Subtaxonomy>
						</sov:Taxonomy>
						<sov:Taxonomy name="Engineering" id="5" percentOfOverall="5">
							<sov:Subtaxonomy name="Optical" id="141" percentOfOverall="2" percentOfParentTaxonomy="33">
								<sov:Skill name="SENSOR" id="022936" existsInText="true" whereFound="Found in WORK HISTORY"></sov:Skill>
							</sov:Subtaxonomy>
							<sov:Subtaxonomy name="Other" id="263" percentOfOverall="2" percentOfParentTaxonomy="33">
								<sov:Skill name="ENGINEERING DEPARTMENT" id="016626" existsInText="true" whereFound="Found in HOBBIES"></sov:Skill>
							</sov:Subtaxonomy>
							<sov:Subtaxonomy name="Electrical" id="135" percentOfOverall="2" percentOfParentTaxonomy="33">
								<sov:Skill name="ELECTRICAL ENGINEERING" id="015991" existsInText="true" whereFound="Found in EDUCATION"></sov:Skill>
							</sov:Subtaxonomy>
						</sov:Taxonomy>
						<sov:Taxonomy name="Sales" id="20" percentOfOverall="3">
							<sov:Subtaxonomy name="General" id="105" percentOfOverall="3" percentOfParentTaxonomy="100"></sov:Subtaxonomy>
						</sov:Taxonomy>
						<sov:Taxonomy name="Training" id="64" percentOfOverall="2">
							<sov:Subtaxonomy name="Other" id="361" percentOfOverall="2" percentOfParentTaxonomy="100">
								<sov:Skill name="INSTRUCTOR" id="019876" existsInText="true" whereFound="Found in HOBBIES"></sov:Skill>
							</sov:Subtaxonomy>
						</sov:Taxonomy>
					</sov:TaxonomyRoot>
				</sov:SkillsTaxonomyOutput>
			</sov:ExperienceSummary>
			<sov:Hobbies>
				<sov:Text>Public Speaking, Software
Development, Cybersecurity, Automation,
and Tutoring.

Extracurriculars: Football, Table-tennis,
tutoring, charity volunteering, debating.

LEADERSHIP/INVOLVEMENTS

OAU, Nigeria --2019

Chairman and Coding Instructor of

more than 50 members of Software
Club, Electronic and Electrical

Engineering Department


OAU, Nigeria --2019


Academic Chairman and Tutor, Faculty

of Technology Muslim Students'

Association.</sov:Text>
			</sov:Hobbies>
			<sov:Sections>
				<sov:Section starts="6" ends="14" sectionType="EDUCATION">EDUCATION</sov:Section>
				<sov:Section starts="15" ends="31" sectionType="WORK HISTORY">WORK EXPERIENCE</sov:Section>
				<sov:Section starts="32" ends="78" sectionType="WORK HISTORY">PROJECTS [PROJECT_HEADERS_SUBSECTION_OF_WORK_SECTION]</sov:Section>
				<sov:Section starts="79" ends="91" sectionType="SKILLS">SKILLS</sov:Section>
				<sov:Section starts="92" ends="120" sectionType="HOBBIES">Interests</sov:Section>
				<sov:Section starts="121" ends="149" sectionType="PERSONAL INTERESTS AND ACCOMPLISHMENTS">AWARDS/CERTIFICATIONS</sov:Section>
			</sov:Sections>
			<sov:ParsedTextLength>3017</sov:ParsedTextLength>
			<sov:ParseTime>281</sov:ParseTime>
			<sov:ResumeQuality>
				<sov:Assessments>
					<sov:Assessment>
						<sov:Level>Major Issues Found</sov:Level>
						<sov:Findings>
							<sov:Information>[Sovren:323;WORK HISTORY] The following section type appeared multiple times in the resume: WORK HISTORY (2 occurrences). Each section type should only appear once in a resume.</sov:Information>
						</sov:Findings>
					</sov:Assessment>
					<sov:Assessment>
						<sov:Level>Data Missing</sov:Level>
						<sov:Findings>
							<sov:Information>[Sovren:213;] A street level address was not found in the contact information. A full contact address should always be included in a resume as it allows for location based searches.</sov:Information>
							<sov:Information>[Sovren:232;DEG-1] The following educational degree is not associated with a school: DEG-1. Every degree in a resume should be associated with a school.</sov:Information>
						</sov:Findings>
					</sov:Assessment>
					<sov:Assessment>
						<sov:Level>Suggested Improvements</sov:Level>
						<sov:Findings>
							<sov:Information>[Sovren:112;] The following section was identified as a skills section type: 'SKILLS'. Skills should not be in a separate section, but instead, each skill should be included in the descriptions of work history or education.</sov:Information>
							<sov:Information>[Sovren:151;4] The following section does not have the header on a separate line: 'Interests'. Every section should have a clear, unambiguous, commonly-used header on a separate line directly above the content associated with it.</sov:Information>
						</sov:Findings>
					</sov:Assessment>
				</sov:Assessments>
			</sov:ResumeQuality>
			<sov:LicenseSerialNumber>13430659:a4f529b9-e1ca-4cff-a09e-72191d307013</sov:LicenseSerialNumber>
			<sov:ParserConfigurationString>Coverage.MilitaryHistoryAndSecurityCredentials = True; Coverage.PatentsPublicationsAndSpeakingEvents = True; Coverage.PersonalAttributes = True; Coverage.Training = True; Culture.CountryCodeForUnitedKingdomIsUK = True; Culture.DefaultCountryCode = US; Culture.Language = English; Culture.PreferEnglishVersionIfTwoLanguagesInDocument = False; Data.UserDefinedParsing = False; OutputFormat.AssumeCompanyNameFromPrecedingJob = False; OutputFormat.ContactMethod.PackStyle = Split; OutputFormat.DateOutputStyle = ExplicitlyKnownDateInfoOnly; OutputFormat.NestJobsBasedOnDateRanges = True; OutputFormat.NormalizeRegions = False; OutputFormat.SkillsStyle = Default; OutputFormat.StripParsedDataFromPositionHistoryDescription = True; OutputFormat.TelcomNumber.Style = Raw; OutputFormat.XmlFormat = HrXmlResume25</sov:ParserConfigurationString>
			<sov:ParserVersion>9.4.7.0</sov:ParserVersion>
			<sov:DigitalSignature>Rb4BAAAAAAA=</sov:DigitalSignature>
		</sov:ResumeUserArea>
	</UserArea>
</Resume>